step	loss
0	0.08990178257226944
1	0.03166891634464264
2	0.030942248180508614
3	0.021770641207695007
4	0.016153326258063316
5	0.015511682257056236
6	0.01464691199362278
7	0.014525013975799084
8	0.014717524871230125
