{
    "train": {
        "loss": 0.02458229660987854
    },
    "eval": {
        "loss": 0.014717524871230125
    },
    "dice_multi": 0.9153064057801488,
    "step": 8
}
